Type: FeatureCollection,,
Title: Current watches, warnings, and advisories for California
Updated: 2023-04-04T18:00:00+00:00,,
,,
Type: FeatureCollection,,
Title: Current watches, warnings, and advisories for Kentucky
Updated: 2023-04-04T18:28:53+00:00,,
,,
Type: FeatureCollection,,
Title: Current watches, warnings, and advisories for North Carolina
Updated: 2023-04-02T10:00:00+00:00,,
,,
Type: FeatureCollection,,
Title: Current watches, warnings, and advisories for New York
Updated: 2023-04-04T19:06:04+00:00,,
,,
Type: FeatureCollection,,
Title: Current watches, warnings, and advisories for South Carolina
Updated: 2023-04-04T14:30:00+00:00,,
,,
Type: FeatureCollection,,
Title: Current watches, warnings, and advisories for Tennessee
Updated: 2023-04-04T15:30:59+00:00,,
